entity,property,uri,type,datatype,cardinalityMin,cardinalityMax,description,example,controlledVocabulary,allowedValues,unit
Camera,cameraName,http://purl.org/dc/terms/title,datatype,xsd:string,1,1,Simple identifier for the camera,10,,,
Camera,cameraID,https://exiftool.org/TagNames/EXIF.html#SerialNumber,datatype,xsd:string,1,1,Unique ID/serial number of the camera,4110035082,,,
Camera,cameraModel,https://exiftool.org/TagNames/EXIF.html#Model,datatype,xsd:string,1,1,Manufacture and camera type,IDS GV-5280FA-C-HQ Rev 1.2,,,
Camera,cameraLensModel,https://exiftool.org/TagNames/EXIF.html#LensModel,datatype,xsd:string,1,1,Model name/number of the lens,IDS 6mm 1:2.8 C2/3,,,
Camera,maxPixelX,https://exiftool.org/TagNames/EXIF.html#PixelXDimension,datatype,xsd:integer,1,1,"Maximum number of pixels of sensor in X (horizontal) direction, NOT actual image size (downscaling/binning)",2464,,,
Camera,maxPixelY,https://exiftool.org/TagNames/EXIF.html#PixelYDimension,datatype,xsd:integer,1,1,"Maximum number of pixels of sensor in Y (vertical) direction,NOT actual image size (downscaling/binning)",2056,,,
Camera,pixelSize,https://w3id.org/agri-image/pixelSize,datatype,xsd:decimal,1,1,"Physical size of one pixel on a sensor, in micrometers",3.45,,,https://qudt.org/vocab/unit/MicroM
Camera,focalLength,https://exiftool.org/TagNames/EXIF.html#FocalLength,datatype,xsd:float,1,1,Focal length of the lens in [mm],6,,,https://qudt.org/vocab/unit/MilliM
Camera,subjectDistance,https://exiftool.org/TagNames/EXIF.html#SubjectDistance,datatype,xsd:float,1,1,Distance from camera to subject in meters [m],400,,,https://qudt.org/vocab/unit/M
Camera,spectralBand,http://sweetontology.net/propOrdinal/SpectralBand,datatype,xsd:string,0,1,"Spectral band captured by the camera (e.g., RGB, BGR, NIR, Thermal)",rgb,,"['rgb', 'nir', 'mono', 'thermal', 'multispectral', 'depth']",
Camera,cameraBox,https://w3id.org/agri-image/cameraBox,datatype,xsd:boolean,0,1,"Is the product shielded with a camera box [True, False]",TRUE,,"[True, False]",
Camera,lightSource,https://exiftool.org/TagNames/EXIF.html#LightSource,datatype,xsd:string,0,1,Indicates the Lightsource in agreement with EXIF standaard,FLASH,,"['FLASH', 'DAYLIGHT', ...]",
Camera,lightModel,https://exiftool.org/TagNames/EXIF.html#Model,datatype,xsd:string,0,1,"If additional light is used, indicate model",Luxalight LF-24-5700K-24.2X16-PU,,,
Camera,intrinsics,https://w3id.org/agri-image/intrinsics,datatype,xsd:string,0,1,"3x3 camera Matrix K=[[fx, s, cx],[0, fy, cy],[0,0,1]],corresponding with images recorded NOT MaxPixelX",,,,
Camera,distortionModel,https://w3id.org/agri-image/distortionModel,datatype,xsd:string,0,1,"Distortion model used. OPENCV uses dist_coeffs =[k1,k2,p1,p2,k3,k4,k5,k6],with k4 , k5, k6 optional. K123 = radial distortion, p12 tangetial distortion, k456 higher order radial distortion coefficicients for complex distortion","BROWN_CONRADY; [0.0,0.0,0.0,0.0,0.0]
",,,
Crop,cropName,http://purl.org/dc/terms/title,datatype,xsd:string,1,1,"Name of the crop, please search in following database: https://gd.eppo.int/",cucumber,,,
Crop,cropCode,https://gd.eppo.int/taxon/,datatype,xsd:string,1,1,Code of the crop (e.g. EPPO code from https://gd.eppo.int/taxon/),CUMSA,,,
Crop,cropCultivar,https://w3id.org/agri-image/cropCultivar,datatype,xsd:string,0,1,Variety of the crop; Have a look at and download the list https://ec.europa.eu/food/plant-variety-portal/#. Cucuber example has Hi power variety,Hi power,https://ec.europa.eu/food/plant-variety-portal/#,,
Crop,cropHandling,https://w3id.org/agri-image/cropHandling,datatype,xsd:string,0,1,Activity related to the dataset. Choose from predefined crop operations based on AgroconnectCL291 level1,CropHandling.CROP_OBSERVATION,AgroconnectCL291,,
Crop,cropGrowthStageMin,https://opendata.inrae.fr/ppd-def#GrowthStage,datatype,xsd:integer,0,1,BBCH minimum growth stage of the main crop (0-100),60,,,
Crop,cropGrowthStageMax,https://opendata.inrae.fr/ppd-def#GrowthStage,datatype,xsd:integer,0,1,BBCH maximum growth stage of the main crop (0-100),65,,,
Crop,cropTimingType,https://w3id.org/agri-image/cropTimingType,datatype,xsd:string,0,*,"Crop timing event (e.g., planting, harvesting, flowering, etc.)",,,,
Crop,cropTimingDate,https://agrovoc.fao.org/browse/agrovoc/en/page/c_7779,datatype,xsd:dateTime,0,1,Timing of event,2025-10-14T09:30:10.857Z,,,
Dataset,title,http://purl.org/dc/terms/title,datatype,xsd:string,1,1,Name of the dataset,Cucumber phenotyping dataset,,,
Dataset,ID,http://purl.org/dc/terms/identifier,datatype,xsd:string,0,1,unique ID of the dataset,7265f151-2ffe-4ab5-a3b7-47ec39ca8c40,,,
Dataset,description,http://purl.org/dc/terms/description,datatype,xsd:string,1,1,General description of the dataset,"This dataset is recorded in a commercial cucumber greenhouse. Four classes are annotated: cucumbers, leaves, open flower and closed flower.",,,
Dataset,accessURL,http://www.w3.org/ns/dcat#accessURL,datatype,xsd:string,0,1,URL where the dataset can be found,https://example.org/datasets/cucumber-phenotyping,,,
Dataset,version,http://www.w3.org/ns/dcat#version,datatype,xsd:string,0,1,Version number of the dataset,1,,,
Dataset,issued,http://purl.org/dc/terms/issued,datatype,xsd:dateTime,0,1,Date this dataset version was created or uploaded,2025-10-14T09:30:10.857Z,,,
Dataset,modified,http://purl.org/dc/terms/modified,datatype,xsd:dateTime,0,1,Date this dataset version was last modified YYYYMMDDTHHMMSSZ,2025-10-14T09:30:10.857Z,,,
Dataset,startDate,http://www.w3.org/ns/dcat#startDate,datatype,xsd:dateTime,0,1,Earliest date or timepoint in the dataset YYYYMMDDTHHMMSSZ,2025-10-14T09:30:10.857Z,,,
Dataset,endDate,http://www.w3.org/ns/dcat#endDate,datatype,xsd:dateTime,0,1,Latest date or timepoint in the dataset,2025-10-14T09:30:10.857Z,,,
Dataset,identifier,http://purl.org/dc/terms/identifier,datatype,xsd:string,1,1,"Unique identifier of the dataset, preferably in the format projectnumber_datasetname",3742355900_agros2_komkommer,,,
Dataset,creator,http://purl.org/dc/terms/creator,object,foaf:Agent,1,*,The creator maintains the dataset and is the contact person,https://example.org/agent/bart-van-marrewijk,,,
Dataset,contributor,http://purl.org/dc/terms/contributor,object,foaf:Agent,0,*,Contributors to the dataset,https://example.org/agent/bart-van-marrewijk,,,
Dataset,license,http://purl.org/dc/terms/license,datatype,xsd:string,0,1,Type of license (see https://creativecommons.org/share-your-work/cclicenses/),CC BY-NC-SA,,,
Dataset,numberOfImages,https://w3id.org/agri-image/numberOfImages,datatype,xsd:integer,0,1,Total number of images in the dataset (auto-filled),15000,,,
Dataset,numberOfAnnotatedImages,https://w3id.org/agri-image/numerOfAnnotatedImages,datatype,xsd:integer,0,1,Total number of annotated images (auto-filled),12500,,,
Dataset,hasField,https://w3id.org/agri-image/hasField,object,agimage:field,1,*,,,,,
Dataset,hasPlatform,https://w3id.org/agri-image/hasPlatform,object,agimage:platform,1,*,,,,,
Dataset,hasImage,https://w3id.org/agri-image/hasImage,object,agimage:image,0,*,Images belonging to dataset ,,,,
Field,fieldName,http://purl.org/dc/terms/title,datatype,xsd:string,1,1,Name of the field,field_001,,,
Field,fieldID,http://purl.org/dc/terms/identifier,datatype,xsd:string,0,1,Unique identifier for the field based on field + uuid,field_001_5de48942-0c39-411f-8f4a-756b0c20f7bb,,,
Field,bbox,https://www.w3.org/ns/dcat#bbox,datatype,xsd:string,1,1,Field polygon as WKT literal (dcterms:Location),"POLYGON((3.053 47.975, 7.24 47.975, 7.24 53.504, 3.053 53.504, 3.053 47.975))'",,,
Field,hasPlot,https://w3id.org/agri-image/hasplot,object,agimage:plot,0,*,List of plots in the field,,,,
Image,imageName,http://purl.org/dc/terms/title,datatype,xsd:string,1,1,"Name of the image, follow the format: timestamp_camid_trigger_channel.png",20251014T093010Z857_camid9_trigger1000_rgb.png,,,
Image,imageID,http://purl.org/dc/terms/identifier,datatype,xsd:string,0,1,Unique identifier for the image based on image + uuid,20251014T093010Z857_camid9_trigger1000_rgb.png_0acbbe89-3058-4f62-a731-3fd3b42cfa04,,,
Image,imageTimestamp,http://www.w3.org/TR/xmlschema11-2/#dateTime,datatype,xsd:dateTime,1,1,ISO-8601 timestamp of image (YYYYMMDDTHHMMSSZmilliseconds 20250917T134658Z),2025-10-14T09:30:10.857Z,,,
Image,cameraID,http://purl.org/dc/terms/identifier,datatype,xsd:string,1,1,Identifier of the camera that captured the image,4110035082,,,
Image,fieldID,http://purl.org/dc/terms/identifier,datatype,xsd:string,1,1,Identifier of the field where the image was captured,field_001_5de48942-0c39-411f-8f4a-756b0c20f7bb,,,
Image,plotID,http://purl.org/dc/terms/identifier,datatype,xsd:string,1,1,Identifier of the plot where the image was captured,plot123_448aadb7-b07d-498d-9301-2240533d849a,,,
Image,machineID,http://purl.org/dc/terms/identifier,datatype,xsd:string,1,1,Identifier of the machine/platform that captured the image,demo_platform1_09cbf6ae-8dc1-43dc-96ef-4675b71039c3,,,
Image,exposureTime,https://exiftool.org/TagNames/EXIF.html#ExposureTime,datatype,xsd:float,0,1,Exposure time in seconds (Exif is also seconds),0.01,,,https://qudt.org/vocab/unit/SEC
Image,imageNumber,https://exiftool.org/TagNames/EXIF.html#ImageNumber,datatype,xsd:integer,0,1,"Image number, Exif.Image.ImageNumber",1000,,,
Image,imageXYZ,http://purl.org/dc/terms/Location,datatype,rdf:List,0,1,Camera location XYZ coordinates in meters relative to platform base,"[0.0, 0.0, 2.5]",,,https://qudt.org/vocab/unit/M
Image,imageQuaternionXYZW,https://dbpedia.org/page/Quaternion,datatype,rdf:List,0,1,"Camera orientation as quaternion [x, y, z, w], relative to base assumes OPENCV camera coord. system","[0.0, 0.0, 0.0, 1.0]",,,
Image,imageGNSS,http://dbpedia.org/resource/NMEA_0183,datatype,xsd:string,0,1,"NMEA string (e.g., NMEA-GGA/GSV, NMEA-2000) of camera position","$GPGGA,172814.0,3723.46587704,N,12202.26957864,W,2,6,1.2,18.893,M,-25.669,M,2.0 0031*4F",,,
Image,baseXYZ,http://purl.org/dc/terms/Location,datatype,rdf:List,1,1,Platform base location XYZ coordinates in meters (global reference frame),"[0.0, 0.0, 0.0]",,,https://qudt.org/vocab/unit/M
Image,baseQuaternionXYZW,https://dbpedia.org/page/Quaternion,datatype,rdf:List,1,1,"Machine base orientation as quaternion [x, y, z, w]  (global reference frame)","[0.0, 0.0, 0.0, 1.0]",,,
Image,baseGNSS,http://dbpedia.org/resource/NMEA_0183,datatype,xsd:string,0,1,"NMEA string (e.g., NMEA-GGA/GSV, NMEA-2000) of machine base position","$GPGGA,172814.0,3723.46587704,N,12202.26957864,W,2,6,1.2,18.893,M,-25.669,M,2.0 0031*4F",,,
Platform,platformName,http://purl.org/dc/terms/title,datatype,xsd:string,1,1,Name of the Platform/platform,demo_platform1,,,
Platform,platformID,http://purl.org/dc/terms/identifier,datatype,xsd:string,0,1,Unique identifier for the Platform/platform based on PlatformName + uuid,demo_platform1_09cbf6ae-8dc1-43dc-96ef-4675b71039c3,,,
Platform,hasSensor,https://w3id.org/agri-image/hasSensor,object,agimage:sensor,0,*,List of sensors/cameras mounted on the Platform/platform,,,,
Sensor,hasCamera,https://w3id.org/agri-image/hasCamera,object,agimage:camera,0,*,,,,,
Plot,plotName,http://purl.org/dc/terms/title,datatype,xsd:string,1,1,Plot or greenhouse identifier,plot123,,,
Plot,plotID,http://purl.org/dc/terms/identifier,datatype,xsd:string,0,1,Unique identifier for the maplot based on plot + uuid,plot123_448aadb7-b07d-498d-9301-2240533d849a,,,
Plot,bbox,https://www.w3.org/ns/dcat#bbox,datatype,xsd:string,1,1,Plot polygon as WKT literal (dcterms:Location),"POLYGON((3.053 47.975, 7.24 47.975, 7.24 53.504, 3.053 53.504, 3.053 47.975))'",,,
Plot,crop,https://w3id.org/agri-image/crop,object,agimage:crop,1,*,List of crops planted in the plot,,,,
Plot,weed,https://w3id.org/agri-image/weed,object,agimage:crop,0,*,List of weeds present in the plot,,,,
Plot,soilType,https://aims.fao.org/aos/agrovoc/c_7156.html,datatype,xsd:string,0,1,Soil type in the image,clay,,,
Plot,weatherConditions,https://dbpedia.org/page/Weather,datatype,xsd:string,0,1,General description of the weather conditions,SUNNY,,,
Plot,surfaceLayer,http://purl.obolibrary.org/obo/ENVO_00010504,datatype,xsd:string,0,*,Non-crop surface cover visible in the images,SHELLS,,,
